{
  "depth_resolution": {
    "w": 256,
    "h": 192
  },
  "unit": "meter",
  "has_normals": true,
  "T_W_C": [
    [
      0.9538214802742004,
      0.0452749989926815,
      -0.2969421446323395,
      0.10432295501232147
    ],
    [
      -0.021142875775694847,
      0.9962427616119385,
      0.08398392051458359,
      0.6178029775619507
    ],
    [
      0.2996288239955902,
      -0.07382746040821075,
      0.9511950612068176,
      0.23164615035057068
    ],
    [
      0,
      0,
      0,
      0.9999998807907104
    ]
  ],
  "K_depth_ref": {
    "h": 192,
    "w": 256
  },
  "K_rgb": [
    [
      1598.7918701171875,
      0,
      955.0061645507812
    ],
    [
      0,
      1598.7918701171875,
      718.9218139648438
    ],
    [
      0,
      0,
      1
    ]
  ],
  "timestamp_unix": 1768115151.9128652,
  "has_points": true,
  "has_rgb": true,
  "rgb_resolution": {
    "w": 1920,
    "h": 1440
  },
  "K_depth": [
    [
      213.17225646972656,
      0,
      127.33415985107422
    ],
    [
      0,
      213.17225646972656,
      95.85624694824219
    ],
    [
      0,
      0,
      1
    ]
  ],
  "depth_dtype": "float32",
  "has_depth": true,
  "T_C_W": [
    [
      0.9538215398788452,
      -0.02114287205040455,
      0.2996288239955902,
      -0.15585123002529144
    ],
    [
      0.0452749989926815,
      0.9962426424026489,
      -0.07382746040821075,
      -0.6031031012535095
    ],
    [
      -0.2969421148300171,
      0.08398391306400299,
      0.9511950016021729,
      -0.24124832451343536
    ],
    [
      0,
      0,
      0,
      1
    ]
  ],
  "depth_source": "smoothedSceneDepth",
  "points_count": 28761,
  "timestamp_arkit": 31285.611825625,
  "points_coord": "ARKit_world"
}